<application>
  <component name="MaterialThemeConfig">
    <option name="compactDropdowns" value="true" />
    <option name="isCompactMenus" value="true" />
    <option name="isCompactStatusBar" value="true" />
    <option name="isCompactTables" value="true" />
    <option name="isWizardShown" value="true" />
    <option name="pristineConfig" value="false" />
    <option name="settingsSelectedTab" value="1" />
    <option name="selectedTheme" value="ONE_DARK" />
    <option name="userId" value="ae3acf4:16859b43f50:-8000" />
    <option name="version" value="3.10.0" />
  </component>
</application>