<keymap version="1" name="Default for GNOME copy" parent="Default for GNOME">
  <action id="ActivateDebugToolWindow">
    <keyboard-shortcut first-keystroke="alt 5" />
    <keyboard-shortcut first-keystroke="alt c" />
  </action>
  <action id="ActivateFavoritesToolWindow" />
  <action id="ChangesView.GroupBy.Directory" />
  <action id="DecrementWindowHeight" />
  <action id="FileChooser.TogglePathShowing" />
  <action id="FileStructurePopup">
    <keyboard-shortcut first-keystroke="ctrl f12" />
    <keyboard-shortcut first-keystroke="ctrl s" />
  </action>
  <action id="GotoFile">
    <keyboard-shortcut first-keystroke="ctrl p" />
  </action>
  <action id="GotoSymbol">
    <keyboard-shortcut first-keystroke="shift ctrl s" />
  </action>
  <action id="IncrementWindowHeight" />
  <action id="MethodHierarchy" />
  <action id="MoveLineDown">
    <keyboard-shortcut first-keystroke="shift ctrl down" />
  </action>
  <action id="MoveLineUp">
    <keyboard-shortcut first-keystroke="shift ctrl up" />
  </action>
  <action id="MoveStatementDown">
    <keyboard-shortcut first-keystroke="shift alt down" />
  </action>
  <action id="MoveStatementUp">
    <keyboard-shortcut first-keystroke="shift alt up" />
  </action>
  <action id="NextOccurence" />
  <action id="ParameterInfo" />
  <action id="PopupHector" />
  <action id="PreviousOccurence" />
  <action id="ResetColumnsWidth" />
  <action id="ResizeToolWindowDown" />
  <action id="ResizeToolWindowUp" />
  <action id="SaveAll" />
  <action id="SelectInProjectView">
    <keyboard-shortcut first-keystroke="alt 2" />
  </action>
  <action id="ToggleMainMenuAction">
    <keyboard-shortcut first-keystroke="alt m" />
  </action>
  <action id="TypeHierarchy" />
  <action id="TypeHierarchyBase.BaseOnThisType" />
  <action id="Vcs.ShowHistoryForBlock">
    <keyboard-shortcut first-keystroke="ctrl h" />
  </action>
  <action id="Vcs.ShowHistoryForRevision">
    <keyboard-shortcut first-keystroke="shift ctrl alt h" />
  </action>
  <action id="Vcs.ShowTabbedFileHistory">
    <keyboard-shortcut first-keystroke="shift ctrl h" />
  </action>
  <action id="ViewNavigationBar">
    <keyboard-shortcut first-keystroke="alt g" />
  </action>
</keymap>